<?xml version="1.0" encoding="UTF-8"?><!--
- Licensed Materials - Property of HCL
- UrbanCode Deploy
- (c) Copyright HCL Technologies Ltd. 2019. All Rights Reserved.
--><pluginInfo>
  <!-- Do not change the release-version, the build process injects it. -->
  <release-version>1.1015971</release-version>

  <release-notes>
    <!--
      The release-note should document the changes, improvements, or bug fixes introduced
      with the new plugin version

      The release-note may contain text

      For example your release note could be:
      Support for was added for version 10.0 for software X

      To add a new release note add this with a description in it of the changes:
      <release-note plugin-version="1">....</release-note>
    -->

     <release-note plugin-version="1">
         The initial version of this plugin supports both full sync and delta sync. Full sync
         compares all objects in XL Deploy with all integration objects in UCR, while delta sync
         only compares what's changed since last execution.
     </release-note>

  </release-notes>
</pluginInfo>