<?xml version="1.0" encoding="UTF-8"?><pluginInfo>

  <author name="IBM UrbanCode">
    <organization>UrbanCode</organization>
    <email>info@urbancode.com</email>
    <website>http://urbancode.com</website>
    <bio/>
  </author>

  <integration type="Integration"/>

  <tool-description/>

  <meta-html>
    <meta content="" name="description"/>
    <meta content="Release, DevOps Connect, Mobile, Approvals, Reporting" name="keywords"/>
  </meta-html>

  <!-- Do not change the release-version, the build process injects it. -->
  <release-version>9.956642</release-version>

  <release-notes>
      <release-note plugin-version="1">
          IBM UrbanCode Release plugin to make data available for the IBM UrbanCode mobile app.
          This will make teams and deployments consumable for the mobile dashboard.
      </release-note>
      <release-note plugin-version="2">
          IBM UrbanCode Release plugin to make data available for the IBM UrbanCode mobile app.
          This will make teams and deployments consumable for the mobile dashboard.
      </release-note>
      <release-note plugin-version="3">
          IBM UrbanCode Release plugin to make data available for the IBM UrbanCode mobile app.
          This will make teams and deployments consumable for the mobile dashboard.
      </release-note>
      <release-note plugin-version="4">
          Support property file encryption.
      </release-note>
      <release-note plugin-version="5">
          Update SSL settings to work on more platforms.
      </release-note>
      <!-- 13 fixes a defect where the getting and saving of integration properties could fail and have no effect on the run of the plugin causing it to upload the last 90 days -->
      <release-note plugin-version="6">
          IBM UrbanCode Release plugin to make data available for the IBM UrbanCode mobile app.
          This will make releases and tasks consumable for the mobile dashboard.
      </release-note>
      <!-- 7 sets the charset to UTF-8 when reading input streams -->
      <release-note plugin-version="7">
          IBM UrbanCode Release plugin to make data available for the IBM UrbanCode mobile app.
          This will make releases and tasks consumable for the mobile dashboard.
      </release-note>
      <release-note plugin-version="8">
          IBM UrbanCode Release plugin to make data available for the IBM UrbanCode mobile app.
          This will make releases and tasks consumable for the mobile dashboard.
      </release-note>
      <release-note plugin-version="9">
          Bug fixes.  Improved retrieval of timing on deployments.  Best used with UCR 6.2.2.1 and later.
      </release-note>
  </release-notes>
</pluginInfo>