<?xml version="1.0" encoding="UTF-8"?><pluginInfo>
  
  <author name="IBM UrbanCode">
    <organization>UrbanCode</organization>
    <email>info@urbancode.com</email>
    <website>http://urbancode.com</website>
    <bio/>
  </author>
  
  <integration type="Integration"/>
  
  <tool-description/>
  
  <meta-html>
    <meta content="" name="description"/>
    <meta content="Deploy, Cloud Sync, Mobile, Approvals, Reporting" name="keywords"/>
  </meta-html>
    
  <!-- Do not change the release-version, the build process injects it. -->
  <release-version>2.801577</release-version>
    
  <release-notes>
      <release-note plugin-version="1">
          IBM UrbanCode Deploy plugin to make data available for the IBM UrbanCode mobile app.
          This will make teams and deployments consumable for the mobile dashboard.
      </release-note>
    
      <release-note plugin-version="2">
          IBM UrbanCode Deploy plugin to make data available for the IBM UrbanCode mobile app.
          This will make teams and deployments consumable for the mobile dashboard. Added the
          ability to request UrbanCode Deploy application processes.
      </release-note>
  </release-notes>
</pluginInfo>