<?xml version="1.0" encoding="UTF-8" standalone="no"?>
<!--
- Licensed Materials - Property of IBM Corp.
- IBM UrbanCode Deploy
- (c) Copyright IBM Corporation 2011, 2017. All Rights Reserved.
-
- U.S. Government Users Restricted Rights - Use, duplication or disclosure restricted by
- GSA ADP Schedule Contract with IBM Corp.
--><pluginInfo>
  <!--

  **author name IS required**

  The Author Section is used to give credit to the author of the plugin.
  Name is the only required element/attribute, but feel free to also include your email,
  website  or bio to allow users of your plugin to praise your work, ask questions
  or share their use case to help grow your plugin's functionality.
  -->

  <author name="IBM UrbanCode">
    <organization>IBM UrbanCode</organization>
    <email>ucplugin@us.ibm.com</email>
    <website>https://www.ibmdw.net/urbancode/plugins/</website>
    <bio/>
  </author>

  <!--

  **intergration type IS Required**

  The integration type section identifies where the plugin fits into the process
  excepted types are SCM, Build, Artifact, Automation, Deploy

  For example:

  The plugin pulls Artifacts from an artifact repository during deployment
  the Type would be "Artifact"
  or
  The plugin deploys to a middleware server
  the Type would be "Deploy"
  -->

  <integration type=""/>


  <!--
  **source is NOT required**

  The source section identifies the location of the plugin source code
  For example
  https://github.com/...
  -->
  <!--
  <source url=""/>
  -->
  <!--
  **license type is NOT required**

  If your plugin uses any licensed software please acknowledge it by
  listing the license type below
  -->
  <!--
  <licenses>
    <license type=""/>
  </licenses>
  -->
  <!--
  **tool-description IS required**

  The tool-description section is used to summarize the software
  the plugin was created to integrate with.

  For example:
  Apache Ant is a software tool to automate software processes during the build or
  deployment of an application. Ant uses an propitiatory XML file to define build
  and/or deployment steps(referred to as targets by ant) . The Ant executable is
  called to execute the targets in the build.xml.
  -->

  <tool-description> </tool-description>

  <!--
  **related-info is NOT required**

  The releated-info section is used to define links which may be useful to users of the plugin
  but don't fall into the release-notes or tool-description section.

  For example: releated-info can be links to pdf documentation, help videos related to plugin setup or the product's
  website.

  excepted values for type include: PDF, WEBSITE, VIDEO
  -->
  <!--
  <related-info>
    <link title="" type="" description="" url =""/>
  </related-info>
  -->
  <!--
  **meta-html in NOT required**

  The meta-html section is used define the meta description and the meta keywords of the plugin page.The meta
  description tag allows you to influence the description of your page in the web crawlers that support the
  tag The meta keywords tag allows   you to provide additional text for crawler-based search engines to index
  along with your body copy.

  If multiple keywords are used they must be comma(,) delimited
  -->

  <meta-html>
    <meta content="" name="description"/>
    <meta content="" name="keywords"/>
  </meta-html>

  <!-- Do not change the release-version, the build process injects it. -->
  <release-version>15.1036688</release-version>

  <release-notes>
    <!--
      **release-note IS required**

      The plugin-version name must match the plugin version found in the plugin.xml file

      The release-note should document the changes, improvements, or bug fixes introduced
      with the new plugin version

      The release-note may contain text or reference a file in the plugin zip package

      For example your release note could be:
      Support for was added for version 10.0 for software X
      or
      releaseNotes/release1.html (where release1.html contains html formatted version information)
      -->

      <release-note plugin-version="1">
Initial JIRA Plugin for IBM UrbanCode Release
    - Support for mapping JIRA Work Items to Release Changes.
    - Release Applications and JIRA Projects with the same name will be automatically mapped.
      </release-note>

    <release-note plugin-version="2">
Support property file encryption.
    </release-note>

  <release-note plugin-version="3">
Muliple updates have been made to the version 3 release:
    - Update to Application resolves.
    - Changes are only created in UrbanCode Release when a mapped Release is found.
    - JIRA's Fix Version/s property is now supported as a possible value.
        If more than one Fix Version is identified, the closest Target Date will be mapped in UrbanCode Release.
  </release-note>

    <release-note plugin-version="4">
Delete plug-in created Initiatives with the Reset Button.
    </release-note>

    <release-note plugin-version="5">
Resolve assignment of the NONE severity.
Mitigate NullPointerException for non existant JIRA Priority.
    </release-note>
    
    <release-note plugin-version="6">
Added proxy support.
    </release-note>

    <release-note plugin-version="7">
Added support for mapping JIRA Projects and Components as UCR Applications.
- One Change in UrbanCode Release will be created for every Project and Component found on an Issue.
- The Auto Map Applications checkbox has been removed. The same functionality can be found using the value `Project` in Auto Map Applications dropdown value.
- In the Manual Mapping selection boxes, to differentiate from Project or conflicting Component names, Components are named using the following syntax: `Project: Component`.
    </release-note>

    <release-note plugin-version="8">
All property lists are now alphabetically sorted.
Resolved an error occurring when the mapped JIRA Release did not have a valid Release Date.
    </release-note>

    <release-note plugin-version="9">
Added the ability to import Jira epics as UCR Initiatives.  Child Jira tickets will be imported and associated to the proper initiative.
    </release-note>

    <release-note plugin-version="10">
Enhancements to Epics as Initiatives
    </release-note>

    <release-note plugin-version="11">
Now imports Jira Releases as UCR Releases
    </release-note>

    <release-note plugin-version="12">
Custom Issue Types are now imported as initiatives, and this uses custom issue links to associate changes.
    </release-note>

    <release-note plugin-version="13">
Custom Issue Types are now using a custom field
    </release-note>

    <release-note plugin-version="14">
Custom Issue Types bug fixes; Now can exclude Jira Issue Types from being imported
    </release-note>
    
    <release-note plugin-version="15">
APAR PH17367 UCR application mapping select box to be scripted.
    </release-note>
  </release-notes>
</pluginInfo>
