<?xml version="1.0" encoding="UTF-8"?>
<!--
- Licensed Materials - Property of HCL
- UrbanCode Deploy
- (c) Copyright HCL Technologies Ltd. 2019. All Rights Reserved.
-->
<plugin-upgrade
        xmlns="http://www.urbancode.com/UpgradeXMLSchema_v1"
        xmlns:xsi="http://www.w3.org/2001/XMLSchema-instance">
    <migrate to-version="2">
    </migrate>
    <migrate to-version="3">
    </migrate>
    <migrate to-version="4">
    </migrate>
    <migrate to-version="5">
    </migrate>
    <migrate to-version="6">
    </migrate>
</plugin-upgrade>