<?xml version="1.0" encoding="UTF-8"?><!--
- Licensed Materials - Property of IBM Corp.
- IBM UrbanCode Deploy
- (c) Copyright IBM Corporation 2015, 2016. All Rights Reserved.
-
- U.S. Government Users Restricted Rights - Use, duplication or disclosure restricted by
- GSA ADP Schedule Contract with IBM Corp.
--><pluginInfo>
  <integration type=""/>
  <tool-description/>
  <release-version>2.836018</release-version>
  <release-notes>
    <release-note plugin-version="1">
      <ul>
        <li>Initial Release</li>
      </ul>
    </release-note>
    <release-note plugin-version="2">
      <ul>
        <li>Run Integration is now faster and more robust.</li>
      </ul>
    </release-note>
  </release-notes>
</pluginInfo>