<?xml version="1.0" encoding="UTF-8"?>
<!--
- Licensed Materials - Property of IBM Corp.
- IBM UrbanCode Release
- (c) Copyright IBM Corporation 2014. All Rights Reserved.
-
- U.S. Government Users Restricted Rights - Use, duplication or disclosure restricted by
- GSA ADP Schedule Contract with IBM Corp.
-->
<template>
    <name>ReleaseEventReadinessReport</name>
    <body>
      <![CDATA[
      ## BEGIN SECTION Subject
Release Event Readiness Report Card: ${general.name}
      ## END SECTION Subject
      ## BEGIN SECTION Body
      ## PROPERTY Content-Type: text/html
<h1>Release Event Readiness Report Card</h1>
<h2>${general.formattedDate}</h2>
<h2>${general.name}</h2>


<div>${general.releaseCount} Releases:

#foreach( $release in ${general.releases} )
  <a href=${release.url}>${release.name}</a>,
#end
</div>
<div>${general.sdCount} Deployments
</div>
<div>${general.appVersionCount} Application Versions:

#foreach( $appVersion in ${general.applicationVersions} )
  <a href=${appVersion.url}>${appVersion.applicationName} ($appVersion.versionName)</a>,
#end
</div>


<div style="${subHeadingStyle}">Process Checklist</div>

  #foreach( $release in ${milestone.releases} )
  <div style="clear: left; ${subSectionStyle}">
    <div style="${smallHeadingStyle}">${release.name}</div>

    <div style="${indentStyle} margin-top: 5px; margin-bottom: 15px;">
      <div>
        <div style="clear: left; dislplay: inline-block; float: left; margin-right: 5px; padding-top: 5px; width: 115px;">
          Overall Progress:
        </div>
        <div style="dislplay: inline-block; float: left; height:20px; width:300px; border: 2px solid #000; margin-bottom: 15px;">
          <div style="height: 20px; width:${release.progressPercent}%; background-color: #5599FF;">
          </div>
        </div>
        <div style="dislplay: inline-block; float: left; margin-left: 5px; padding-top: 5px;">
        ${release.completeCount}/${release.totalCount}
        </div>
      </div>


      <div>
        <div style="clear: left; dislplay: inline-block; float: left; margin-right: 5px; padding-top: 5px; width: 115px;">
          On-Time Tasks:
        </div>
        <div style="dislplay: inline-block; float: left; height:20px; width:300px; border: 2px solid #000; margin-bottom: 15px;">
          <div style="height: 20px; width:${release.onTimePercent}%; background-color: ${release.onTimeProgressColor};">
          </div>
        </div>
        <div style="dislplay: inline-block; float: left; margin-left: 5px; padding-top: 5px;">
        ${release.doneOnTimeCount}/${release.shouldBeDoneCount}
        </div>
      </div>

      #if(${release.lateOutstandingCount} > 0)
        <div style="${lateOutstandingStyle}">${release.lateOutstandingCount} late outstanding milestones</div>
      #end

      #if(${release.totalCount} > 0)
        <table style="${tableStyle}">
          <tr style="${trStyle}">
            <th style="${thStyle}">Milestone</th>
            <th style="${thStyle}">Status</th>
            <th style="${thStyle}">Owner</th>
            <th style="${thStyle}">Planned Date</th>
            <th style="${thStyle}">Actual Date</th>
            <th style="${thStyle}">On-Time</th>
          </tr>

          #set ($rowNum = 0)

          #foreach( $milestone in ${release.milestones} )
            #set ($rowNum = $rowNum + 1)

            #if($rowNum % 2 == 0)
              #set ($rowStyle = $tdStyle)
            #else
              #set ($rowStyle = $td-altStyle)
            #end

            <tr style="${trStyle}">
              <td style="${rowStyle}">${milestone.name}</td>
              <td style="${rowStyle}">${milestone.status}</td>
              <td style="${rowStyle}">Owner</td>
              <td style="${rowStyle}">${milestone.plannedDate}</td>
              <td style="${rowStyle}">${milestone.actualDate}</td>
              <td style="${rowStyle} color: ${milestone.onTimeColor};">${milestone.onTime}</td>
            </tr>
          #end
        </table>
      #end
    </div>
  </div>
  #end
</div>

#set ($statusRowNum = 0)
<div style="${subHeadingStyle}">Quality Gates and Approvals</div>
  #foreach( $deployment in ${quality.deployments} )
      <div style="clear: left; ${subSectionStyle}">
        <div style="${smallHeadingStyle}">${deployment.name}</div>
        <div><a href="${deployment.url}">View Deployment</a></div>

        <div style="${indentStyle} margin-top: 5px; margin-bottom: 15px;">

          <table style="${tableStyle}">
            <tr style="${trStyle}">
              <th style="${thStyle}">Application</th>
              <th style="${thStyle}">Version</th>
              <th style="${thStyle}">Quality Statuses</th>
            </tr>

            #foreach( $app in ${deployment.apps} )
              #set ($rowNum = $rowNum + 1)
              #if($rowNum % 2 == 0)
                #set ($rowStyle = $tdStyle)
              #else
                #set ($rowStyle = $td-altStyle)
              #end

              <tr style="${trStyle}">
                <td style="${rowStyle}">${app.name}</td>
                <td style="${rowStyle}">${app.version.name}</td>
                <td style="${rowStyle} padding-left:0px; padding-right:0px;">
                  <table style="width:100%;">
                    #foreach( $status in ${app.version.statuses} )
                      #set ($statusRowNum = $statusRowNum + 1)
                      #if($statusRowNum % 2 == 0)
                        #set ($statusRowStyle = $tdStyle)
                      #else
                        #set ($statusRowStyle = $td-altStyle)
                      #end
                      <tr>
                        #if(${status.missing} == true)
                          <td style="${statusRowStyle}">${status.name}</td>
                          <td style="${redTdStyle}">Missing - Failing Gate</td>
                        #else
                          <td style="${statusRowStyle}">${status.name}</td>
                          <td style="${statusRowStyle}">${status.dateCreated} Applied by: ${status.user}</td>
                        #end
                      </tr>
                    #end
                  </table>
                </td>
              </tr>
            #end
          </table>

          <div style="${spacerStyle}"></div>
          <div style="${smallHeadingStyle}">Approvals</div>

          #if(${deployment.approvals.size()} > 0)
            <table style="${tableStyle}">
              <tr style="${trStyle}">
                <th style="${thStyle}">Approval Name</th>
                <th style="${thStyle}">Status</th>
                <th style="${thStyle}">Role/Owner</th>
              </tr>
              #foreach( $approval in ${deployment.approvals} )
                #set ($rowNum = $rowNum + 1)
                #if($rowNum % 2 == 0)
                  #set ($rowStyle = $tdStyle)
                #else
                  #set ($rowStyle = $td-altStyle)
                #end

                <tr style="${trStyle}">
                  <td style="${rowStyle}">${approval.name}</td>
                  <td style="${rowStyle} color: ${approval.approvalColor}">${approval.status}</td>
                  <td style="${rowStyle}">${approval.role}</td>
                </tr>
              #end
            </table>
          #else
          <div>No approvals required for this deployment.</div>
          #end
          <div style="${spacerStyle}"></div>
        </div>
      </div>
  #end
</div>

<div style="${subHeadingStyle}">Work Items</div>
  #foreach( $release in ${workItem.releases} )
  <div style="clear: left; ${subSectionStyle}">
    <div style="${smallHeadingStyle}">${release.name}</div>
    <div><a href="${release.url}">View Impact Analysis</a></div>

    <div style="${indentStyle} margin-top: 5px; margin-bottom: 15px;">
      <table style="${tableStyle}">
        <tr style="${trStyle}">
          <th style="${thStyle}">Application</th>
          <th style="${thStyle}">Progress Bar</th>
          <th style="${thStyle}">% Accepted or Complete</th>
        </tr>

        #set ($rowNum = 0)

        #foreach( $application in ${release.applications} )
          #set ($rowNum = $rowNum + 1)

          #if($rowNum % 2 == 0)
            #set ($rowStyle = $tdStyle)
          #else
            #set ($rowStyle = $td-altStyle)
          #end

          <tr style="${trStyle}">
            <td style="${rowStyle}">${application.name}</td>
            <td style="${rowStyle}">
              #if(${application.total} > 0)
                <div>
                  <div style="dislplay: inline-block; float: left; height:20px; width:300px; border: 2px solid #000; margin-bottom: 5px;">
                    <div style="height: 20px; width:${application.accepted.percent}%; background-color: ${application.accepted.color}; display: inline-block; margin: 0px; padding: 0px; float: left;">
                    </div>
                    <div style="height: 20px; width:${application.completed.percent}%; background-color: ${application.completed.color}; display: inline-block; margin: 0px; padding: 0px; float: left;">
                    </div>
                    <div style="height: 20px; width:${application.inProgress.percent}%; background-color: ${application.inProgress.color}; display: inline-block; margin: 0px; padding: 0px; float: left;">
                    </div>
                    <div style="height: 20px; width:${application.new.percent}%; background-color: ${application.new.color}; display: inline-block; margin: 0px; padding: 0px; float: left;">
                    </div>
                    <div style="height: 20px; width:${application.other.percent}%; background-color: ${application.other.color}; display: inline-block; margin: 0px; padding: 0px; float: left;">
                    </div>
                  </div>
                  <div style="dislplay: inline-block; float: left; margin-left: 5px; padding-top: 5px;">
                    ${application.total} Total Work Items
                  </div>
                  <div style="dislplay: inline-block; clear:left; float: left; margin-left: 5px; padding-top: 5px;">

                    <div style="width: 115px; height:20px; float:left;">
                      <div style="float: left; margin-right:5px; border: 1px solid #000; background-color: ${application.accepted.color}; width: 15px; height: 15px;"></div>
                      <div style="padding-top: 2px;">${application.accepted.count} Accepted</div>
                    </div>

                    <div style="width: 115px; height:20px; float:left;">
                      <div style="float: left; margin-right:5px; border: 1px solid #000; background-color: ${application.completed.color}; width: 15px; height: 15px;"></div>
                      <div style="padding-top: 2px;">${application.completed.count} Completed</div>
                    </div>

                    <div style="width: 115px; height:20px; float:left;">
                      <div style="float: left; margin-right:5px; border: 1px solid #000; background-color: ${application.inProgress.color}; width: 15px; height: 15px;"></div>
                      <div style="padding-top: 2px;">${application.inProgress.count} In Progress</div>
                    </div>

                    <div style="width: 115px; height:20px; float:left;">
                      <div style="float: left; margin-right:5px; border: 1px solid #000; background-color: ${application.new.color}; width: 15px; height: 15px;"></div>
                      <div style="padding-top: 2px;">${application.new.count} New</div>
                    </div>

                    <div style="width: 115px; height:20px; float:left;">
                      <div style="float: left; margin-right:5px; border: 1px solid #000; background-color: ${application.other.color}; width: 15px; height: 15px;"></div>
                      <div style="padding-top: 2px;">${application.other.count} Other</div>
                    </div>

                  </div>
                </div>
              #else
                <div colspan="2">There are no work items associated to this application</div>
              #end
            </td>
            <td style="${rowStyle}">
              #if(${application.total} > 0)
              ${application.percent}%
              #end
            </td>
          </tr>
        #end
      </table>
    </div>
  </div>
  #end
</div>


<div style="${spacerStyle}"></div>

<br><br><br>
      ## END SECTION Body
      ]]>
    </body>
    <description>Deployment Report</description>
    <content-type>text/html</content-type>
</template>