<?xml version="1.0" encoding="UTF-8" standalone="no"?>
<!--
- Licensed Materials - Property of IBM Corp.
- IBM UrbanCode Deploy
- (c) Copyright IBM Corporation 2011, 2017. All Rights Reserved.
- (c) Copyright HCL Technologies Ltd. 2020. All Rights Reserved.
- U.S. Government Users Restricted Rights - Use, duplication or disclosure restricted by
- GSA ADP Schedule Contract with IBM Corp.
--><pluginInfo>

  <meta-html>
    <meta content="Integration with Jenkins" name="description"/>
    <meta content="Jenkins, Automation" name="keywords"/>
  </meta-html>

  <!-- Do not change the release-version, the build process injects it. -->
  <release-version>1.1112892</release-version>

  <release-notes>

    <release-note plugin-version="1">
      An initial version that supports importing jobs and related information from Jenkins.
    </release-note>

  </release-notes>
</pluginInfo>
